Segment,2-Norm Error,Percentage Error (%)
1,4213.220435516334,27.889962001392398
2,43650.23658994115,73.6797652690105
3,202731.4752596151,92.34039090587063
4,34753.286253773455,85.94647959463377
